id_quizz,nomquizz,descriptionquizz,id_utilisateur,actif,status,nb_reponses,url
65f436a437e0a,"kaka aaa","un beau quizz sur le chocolataaa",65ef10d468cac,True,EnCours,0,url
65f44b358f3c8,"les chocolats","un beau quizz sur le chocolat",65ef10d468cac,True,EnCours,0,url
65f44b81af57d,"les chocolats","un beau quizz sur le chocolat",65ef10d468cac,True,EnCours,0,url
65f4b64a52f70,"les chocolats","un beau quizz sur le chocolat",65f30860ea5d9,True,Lancé,0,url
65f4bbb17f454,"les chocolats","un beau quizz sur le chocolat",65f30860ea5d9,True,Lancé,0,url
65f4bbea8a21e,boulangerie,"connaissez vous le domaine du pain?",65f30860ea5d9,True,Terminé,0,url
65f4bc024e650,boulangerie,"connaissez vous le domaine du pain?",65f30860ea5d9,True,Terminé,0,url
65f5ed424ca02,"quizz sur la grece antique","connaissez vous la mythologie grecque?",65f30860ea5d9,True,Lancé,0,url
65f6db9875888,"quizz sur la nourriture","composition des mets et recettes",65f30860ea5d9,True,Lancé,0,url
65f6deda65ceb,"je suis un quizz","connaissez vous vraiment les fruits?",65f30860ea5d9,True,Lancé,0,url
65f6ea7fa7de5,boulangerie,"un beau quizz sur le chocolat",65f30860ea5d9,True,Lancé,0,url
65f6eaf990540,astres,"connaissez vous bien le ciel?",65f30860ea5d9,True,Lancé,0,url
65f9684422079,"quizz test","un quizz pour faire des test",65f30860ea5d9,True,Lancé,0,url
65fa046c9e6c8,ecolesesest,ecoleseseses,65f9f1f612243,True,Lancé,0,url
65fa04d790ded,entr,entr,65f9f43f07dad,True,Lancé,0,url
65fa05f75efa1,testest,testest,,True,EnCours,0,url
65fabf6503db3,coucou,coucou,,True,EnCours,0,url
65fac004274b7,tyty,tyty,65f860004f0cc,True,Lancé,0,url
65fac05df0634,yuyu,yuyu,65f9f1f612243,True,Lancé,0,url
65fb36edca26a,chat,"gentil ou mechant",65f9f1f612243,True,Lancé,0,url
65fb36fd00271,chat,"gentil ou mechant",65f9f1f612243,True,Lancé,0,url
65fb37335bed5,fr,fr,65f9f1f612243,True,Lancé,0,url
65fb373fc5a5f,de,de,65f9f1f612243,True,Lancé,0,url
65fb523b00ad5,"les chocolats","un beau quizz sur le chocolat",65f9f1f612243,True,Terminé,0,url
65fb59379ecca,"les chocolats","un beau quizz sur le chocolat",65f9f1f612243,True,EnCours,0,url
65fb5965a37a9,"les chocolats","un beau quizz sur le chocolat",65f9f1f612243,True,Lancé,0,url
65fc47b6c89a3,"je suis un quizz","je suis un quizz",65f9f43f07dad,True,Lancé,1,url
65fc6049b6f13,"quizz test incrementation",incrementation,65f9f1f612243,True,Lancé,1,url
